{"baseline": {"fit_time": [1.0984125137329102, 0.7539310455322266, 1.0473928451538086, 1.0609564781188965, 1.0446860790252686, 1.085627555847168, 1.1114811897277832, 0.6920177936553955, 0.6835272312164307, 0.6638906002044678], "score_time": [0.29994797706604004, 0.2183837890625, 0.2942366600036621, 0.29041385650634766, 0.28795790672302246, 0.2926146984100342, 0.29230713844299316, 0.20827031135559082, 0.1996934413909912, 0.20145654678344727], "test_fallout": [0.08421052631578947, 0.07936507936507936, 0.10052910052910052, 0.12169312169312169, 0.07936507936507936, 0.1111111111111111, 0.12169312169312169, 0.12169312169312169, 0.12698412698412698, 0.10052910052910052], "test_recall": [0.7011494252873564, 0.7701149425287356, 0.8160919540229885, 0.7471264367816092, 0.7241379310344828, 0.7701149425287356, 0.7586206896551724, 0.6896551724137931, 0.7471264367816092, 0.7701149425287356], "test_precision": [0.7922077922077922, 0.8170731707317073, 0.7888888888888889, 0.7386363636363636, 0.8076923076923077, 0.7613636363636364, 0.7415730337078652, 0.7228915662650602, 0.7303370786516854, 0.7790697674418605], "test_f1": [0.7439024390243902, 0.7928994082840236, 0.8022598870056497, 0.7428571428571429, 0.7636363636363636, 0.7657142857142857, 0.75, 0.7058823529411764, 0.7386363636363638, 0.7745664739884394]}, "preproc": {"fit_time": [1.0752832889556885, 0.8125572204589844, 1.013343334197998, 1.0410640239715576, 1.0644567012786865, 1.0491573810577393, 1.1031787395477295, 0.7411584854125977, 0.6557743549346924, 0.6573538780212402], "score_time": [0.2462317943572998, 0.22755789756774902, 0.2912158966064453, 0.3110833168029785, 0.28420019149780273, 0.3157613277435303, 0.27486157417297363, 0.20530319213867188, 0.21195340156555176, 0.23107099533081055], "test_fallout": [0.08947368421052632, 0.07936507936507936, 0.10052910052910052, 0.13756613756613756, 0.08994708994708994, 0.10582010582010581, 0.12169312169312169, 0.1111111111111111, 0.12169312169312169, 0.1164021164021164], "test_recall": [0.7011494252873564, 0.8045977011494253, 0.7816091954022989, 0.7816091954022989, 0.7126436781609196, 0.7701149425287356, 0.7241379310344828, 0.6896551724137931, 0.7586206896551724, 0.8045977011494253], "test_precision": [0.782051282051282, 0.8235294117647058, 0.7816091954022989, 0.723404255319149, 0.7848101265822784, 0.7701149425287356, 0.7325581395348837, 0.7407407407407407, 0.7415730337078652, 0.7608695652173914], "test_f1": [0.7393939393939394, 0.813953488372093, 0.781609195402299, 0.7513812154696133, 0.746987951807229, 0.7701149425287356, 0.7283236994219654, 0.7142857142857143, 0.75, 0.782122905027933]}, "ff_tuning": {"fit_time": [0.9917576313018799, 1.0116870403289795, 0.7373418807983398, 0.9978523254394531, 1.000216007232666, 0.9848136901855469, 1.014852523803711, 0.6297979354858398, 0.6137573719024658, 0.6310570240020752], "score_time": [0.3363015651702881, 0.33632755279541016, 0.2448101043701172, 0.331695556640625, 0.33226752281188965, 0.3346395492553711, 0.32863473892211914, 0.23295998573303223, 0.21872377395629883, 0.22380995750427246], "test_fallout": [0.04736842105263158, 0.047619047619047616, 0.06878306878306878, 0.06878306878306878, 0.06349206349206349, 0.07936507936507936, 0.06878306878306878, 0.0582010582010582, 0.06349206349206349, 0.047619047619047616], "test_recall": [0.6896551724137931, 0.735632183908046, 0.7701149425287356, 0.6666666666666666, 0.7241379310344828, 0.7586206896551724, 0.7471264367816092, 0.6781609195402298, 0.7816091954022989, 0.7471264367816092], "test_precision": [0.8695652173913043, 0.8767123287671232, 0.8375, 0.8169014084507042, 0.84, 0.8148148148148148, 0.8333333333333334, 0.8428571428571429, 0.85, 0.8783783783783784], "test_f1": [0.7692307692307693, 0.8, 0.8023952095808383, 0.7341772151898733, 0.7777777777777777, 0.7857142857142857, 0.787878787878788, 0.751592356687898, 0.8143712574850299, 0.8074534161490683]}, "ff_tuning_proc": {"fit_time": [0.7152800559997559, 0.9905033111572266, 0.997347354888916, 0.9801342487335205, 0.9911308288574219, 0.965177059173584, 0.9813368320465088, 0.6176934242248535, 0.6128025054931641, 0.6148197650909424], "score_time": [0.2405695915222168, 0.332477331161499, 0.32912254333496094, 0.32624149322509766, 0.32602596282958984, 0.32682108879089355, 0.3184800148010254, 0.23052024841308594, 0.21881794929504395, 0.2227485179901123], "test_fallout": [0.05263157894736842, 0.05291005291005291, 0.06878306878306878, 0.06878306878306878, 0.05291005291005291, 0.07407407407407407, 0.06349206349206349, 0.06349206349206349, 0.06349206349206349, 0.05291005291005291], "test_recall": [0.7126436781609196, 0.7471264367816092, 0.7586206896551724, 0.7011494252873564, 0.7471264367816092, 0.7241379310344828, 0.7471264367816092, 0.6781609195402298, 0.7816091954022989, 0.7471264367816092], "test_precision": [0.8611111111111112, 0.8666666666666667, 0.8354430379746836, 0.8243243243243243, 0.8666666666666667, 0.8181818181818182, 0.8441558441558441, 0.8309859154929577, 0.85, 0.8666666666666667], "test_f1": [0.779874213836478, 0.8024691358024691, 0.7951807228915663, 0.7577639751552796, 0.8024691358024691, 0.7682926829268294, 0.7926829268292682, 0.7468354430379747, 0.8143712574850299, 0.8024691358024691]}, "ff_tuning_tfidf_bigram": {"fit_time": [2.999169111251831, 3.0186820030212402, 3.0121936798095703, 3.0114758014678955, 2.4447784423828125, 3.041452407836914, 2.816876173019409, 1.867478847503662, 1.8043241500854492, 1.7086727619171143], "score_time": [0.9917981624603271, 0.9851188659667969, 0.9684035778045654, 0.970416784286499, 0.7110857963562012, 0.9703521728515625, 0.9536764621734619, 0.5937066078186035, 0.5482206344604492, 0.5486490726470947], "test_fallout": [0.03684210526315789, 0.037037037037037035, 0.031746031746031744, 0.05291005291005291, 0.05291005291005291, 0.05291005291005291, 0.0582010582010582, 0.042328042328042326, 0.047619047619047616, 0.026455026455026454], "test_recall": [0.6551724137931034, 0.7241379310344828, 0.7241379310344828, 0.632183908045977, 0.632183908045977, 0.6666666666666666, 0.7011494252873564, 0.6666666666666666, 0.7586206896551724, 0.7701149425287356], "test_precision": [0.890625, 0.9, 0.9130434782608695, 0.8461538461538461, 0.8461538461538461, 0.8529411764705882, 0.8472222222222222, 0.8787878787878788, 0.88, 0.9305555555555556], "test_f1": [0.7549668874172185, 0.8025477707006369, 0.8076923076923076, 0.7236842105263158, 0.7236842105263158, 0.7483870967741936, 0.7672955974842768, 0.7581699346405228, 0.8148148148148148, 0.8427672955974842]}, "ff_tuning_tfidf_bigram_proc": {"fit_time": [2.9484782218933105, 2.951700448989868, 2.2646970748901367, 2.978647232055664, 3.01526141166687, 2.9754090309143066, 2.7954304218292236, 1.9957242012023926, 1.7890968322753906, 1.6981770992279053], "score_time": [0.9780471324920654, 0.9824848175048828, 0.9522643089294434, 0.9515933990478516, 0.9606070518493652, 0.96478271484375, 0.6743648052215576, 0.5825798511505127, 0.5566790103912354, 0.5513157844543457], "test_fallout": [0.03684210526315789, 0.037037037037037035, 0.037037037037037035, 0.047619047619047616, 0.05291005291005291, 0.0582010582010582, 0.06349206349206349, 0.05291005291005291, 0.047619047619047616, 0.021164021164021163], "test_recall": [0.6551724137931034, 0.735632183908046, 0.7011494252873564, 0.6551724137931034, 0.632183908045977, 0.6666666666666666, 0.7126436781609196, 0.6781609195402298, 0.7586206896551724, 0.7931034482758621], "test_precision": [0.890625, 0.9014084507042254, 0.8970588235294118, 0.8636363636363636, 0.8461538461538461, 0.8405797101449275, 0.8378378378378378, 0.855072463768116, 0.88, 0.9452054794520548], "test_f1": [0.7549668874172185, 0.810126582278481, 0.7870967741935484, 0.7450980392156864, 0.7236842105263158, 0.7435897435897435, 0.7701863354037266, 0.7564102564102564, 0.8148148148148148, 0.8624999999999999]},