{"\u03b1-1": {"fit_time": [0.9982044696807861, 0.7651534080505371, 0.9870579242706299, 0.9733786582946777, 0.9849920272827148, 0.979177713394165, 0.9867472648620605, 0.6628248691558838, 0.622460126876831, 0.6524536609649658], "score_time": [0.339005708694458, 0.26692700386047363, 0.3307921886444092, 0.33233165740966797, 0.3313255310058594, 0.3328850269317627, 0.3238708972930908, 0.23511981964111328, 0.22004318237304688, 0.23632311820983887], "test_fallout": [0.04736842105263158, 0.047619047619047616, 0.06878306878306878, 0.06878306878306878, 0.06349206349206349, 0.07936507936507936, 0.06878306878306878, 0.0582010582010582, 0.06349206349206349, 0.047619047619047616], "test_recall": [0.6896551724137931, 0.735632183908046, 0.7701149425287356, 0.6666666666666666, 0.7241379310344828, 0.7586206896551724, 0.7471264367816092, 0.6781609195402298, 0.7816091954022989, 0.7471264367816092], "test_precision": [0.8695652173913043, 0.8767123287671232, 0.8375, 0.8169014084507042, 0.84, 0.8148148148148148, 0.8333333333333334, 0.8428571428571429, 0.85, 0.8783783783783784], "test_f1": [0.7692307692307693, 0.8, 0.8023952095808383, 0.7341772151898733, 0.7777777777777777, 0.7857142857142857, 0.787878787878788, 0.751592356687898, 0.8143712574850299, 0.8074534161490683], "args": ["tuning"], "features": 6646}, "\u03b2-1": {"fit_time": [0.6849493980407715, 0.5488641262054443, 0.7407703399658203, 0.7271220684051514, 0.7201335430145264, 0.7184610366821289, 0.7177751064300537, 0.4904634952545166, 0.4765651226043701, 0.4653160572052002], "score_time": [0.24306464195251465, 0.19695329666137695, 0.24394750595092773, 0.24446654319763184, 0.2491929531097412, 0.2437748908996582, 0.23612332344055176, 0.17357730865478516, 0.16658949851989746, 0.16724467277526855], "test_fallout": [0.07368421052631578, 0.06878306878306878, 0.06349206349206349, 0.08994708994708994, 0.06878306878306878, 0.06349206349206349, 0.07936507936507936, 0.06878306878306878, 0.07407407407407407, 0.037037037037037035], "test_recall": [0.7241379310344828, 0.6896551724137931, 0.7816091954022989, 0.6896551724137931, 0.7241379310344828, 0.7126436781609196, 0.7471264367816092, 0.7011494252873564, 0.7241379310344828, 0.7126436781609196], "test_precision": [0.8181818181818182, 0.821917808219178, 0.85, 0.7792207792207793, 0.8289473684210527, 0.8378378378378378, 0.8125, 0.8243243243243243, 0.8181818181818182, 0.8985507246376812], "test_f1": [0.7682926829268294, 0.75, 0.8143712574850299, 0.7317073170731708, 0.7730061349693252, 0.7701863354037266, 0.778443113772455, 0.7577639751552796, 0.7682926829268294, 0.7948717948717949], "args": ["lowercase", "nonum", "stopwords", "tuning"], "features": 6449}, "\u03b2-2": {"fit_time": [1.7216718196868896, 1.3775105476379395, 1.7590618133544922, 1.7487478256225586, 1.7448935508728027, 1.736809492111206, 1.7548773288726807, 1.099515676498413, 1.024371862411499, 1.0354492664337158], "score_time": [0.5011117458343506, 0.3867478370666504, 0.5005111694335938, 0.4915006160736084, 0.5076932907104492, 0.5046136379241943, 0.48171472549438477, 0.3188209533691406, 0.29897642135620117, 0.2970008850097656], "test_fallout": [0.07368421052631578, 0.0582010582010582, 0.06878306878306878, 0.07407407407407407, 0.06878306878306878, 0.06349206349206349, 0.06349206349206349, 0.07936507936507936, 0.07936507936507936, 0.05291005291005291], "test_recall": [0.6781609195402298, 0.7011494252873564, 0.7586206896551724, 0.7126436781609196, 0.7011494252873564, 0.7126436781609196, 0.6896551724137931, 0.7126436781609196, 0.735632183908046, 0.7011494252873564], "test_precision": [0.8082191780821918, 0.8472222222222222, 0.8354430379746836, 0.8157894736842105, 0.8243243243243243, 0.8378378378378378, 0.8333333333333334, 0.8051948051948052, 0.810126582278481, 0.8591549295774648], "test_f1": [0.7374999999999999, 0.7672955974842768, 0.7951807228915663, 0.7607361963190185, 0.7577639751552796, 0.7701863354037266, 0.7547169811320755, 0.7560975609756099, 0.7710843373493976, 0.7721518987341772], "args": ["lowercase", "nonum", "stopwords", "tuning", "bigram"], "features": 35731}, "\u03b2-3": {"fit_time": [2.5785818099975586, 2.4123237133026123, 2.603029489517212, 2.5744822025299072, 2.5905442237854004, 2.6429364681243896, 2.2207939624786377, 1.5406410694122314, 1.4377143383026123, 1.351123332977295], "score_time": [0.7675716876983643, 0.7741475105285645, 0.7685434818267822, 0.7678279876708984, 0.7741999626159668, 0.7584652900695801, 0.5444648265838623, 0.45633649826049805, 0.42644643783569336, 0.41904520988464355], "test_fallout": [0.07894736842105263, 0.0582010582010582, 0.0582010582010582, 0.06349206349206349, 0.06878306878306878, 0.0582010582010582, 0.06878306878306878, 0.07936507936507936, 0.08465608465608465, 0.042328042328042326], "test_recall": [0.6896551724137931, 0.7011494252873564, 0.7586206896551724, 0.7241379310344828, 0.7011494252873564, 0.7011494252873564, 0.6781609195402298, 0.6781609195402298, 0.7241379310344828, 0.6666666666666666], "test_precision": [0.8, 0.8472222222222222, 0.8571428571428571, 0.84, 0.8243243243243243, 0.8472222222222222, 0.8194444444444444, 0.7972972972972973, 0.7974683544303798, 0.8787878787878788], "test_f1": [0.7407407407407408, 0.7672955974842768, 0.8048780487804879, 0.7777777777777777, 0.7577639751552796, 0.7672955974842768, 0.7421383647798742, 0.732919254658385, 0.7590361445783133, 0.7581699346405228], "args": ["lowercase", "nonum", "stopwords", "tuning", "trigram"], "features": 70221}, "\u03b2-4": {"fit_time": [0.7720048427581787, 0.5875465869903564, 0.8095073699951172, 0.7905168533325195, 0.7597987651824951, 0.7901198863983154, 0.808992862701416, 0.5801501274108887, 0.5349118709564209, 0.5393979549407959], "score_time": [0.28397321701049805, 0.21940851211547852, 0.2806425094604492, 0.28003764152526855, 0.24887657165527344, 0.2892639636993408, 0.2610790729522705, 0.21031713485717773, 0.19141793251037598, 0.19085216522216797], "test_fallout": [0.042105263157894736, 0.037037037037037035, 0.047619047619047616, 0.06349206349206349, 0.05291005291005291, 0.042328042328042326, 0.07407407407407407, 0.05291005291005291, 0.047619047619047616, 0.026455026455026454], "test_recall": [0.7011494252873564, 0.7011494252873564, 0.7586206896551724, 0.6666666666666666, 0.6666666666666666, 0.7241379310344828, 0.7126436781609196, 0.6666666666666666, 0.735632183908046, 0.6896551724137931], "test_precision": [0.8840579710144928, 0.8970588235294118, 0.88, 0.8285714285714286, 0.8529411764705882, 0.8873239436619719, 0.8157894736842105, 0.8529411764705882, 0.8767123287671232, 0.9230769230769231], "test_f1": [0.782051282051282, 0.7870967741935484, 0.8148148148148148, 0.7388535031847134, 0.7483870967741936, 0.7974683544303797, 0.7607361963190185, 0.7483870967741936, 0.8, 0.7894736842105263], "args": ["lowercase", "nonum", "stopwords", "tuning", "tfidf"], "features": 6449}, "\u03b2-5": {"fit_time": [1.8948557376861572, 1.9088084697723389, 1.901909351348877, 1.91325044631958, 1.603754997253418, 1.924501657485962, 1.9758331775665283, 1.2757482528686523, 1.1578140258789062, 1.1355233192443848], "score_time": [0.6514627933502197, 0.6459462642669678, 0.6551129817962646, 0.6355414390563965, 0.5693516731262207, 0.5030069351196289, 0.637080192565918, 0.4043419361114502, 0.37708377838134766, 0.3813812732696533], "test_fallout": [0.05263157894736842, 0.037037037037037035, 0.021164021164021163, 0.05291005291005291, 0.042328042328042326, 0.026455026455026454, 0.05291005291005291, 0.06349206349206349, 0.047619047619047616, 0.026455026455026454], "test_recall": [0.6781609195402298, 0.6666666666666666, 0.7931034482758621, 0.7011494252873564, 0.6206896551724138, 0.6896551724137931, 0.6896551724137931, 0.6551724137931034, 0.735632183908046, 0.6896551724137931], "test_precision": [0.855072463768116, 0.8923076923076924, 0.9452054794520548, 0.8591549295774648, 0.8709677419354839, 0.9230769230769231, 0.8571428571428571, 0.8260869565217391, 0.8767123287671232, 0.9230769230769231],