ntoken,nchar,len,npos,nneg,utoken
26.021006881564652,164.57189424121694,2761,870,1891,7367
26.552287581699346,167.7058823529412,306,109,197,2198
